,filenames,binids
0,tc0132§0021,2
1,tc0152§0022,2
2,tc0167§0014,1
3,tc0139§0027,3
4,tc0148§0040,4
5,tc0134§0002,0
6,tc0176§0023,2
7,tc0136§0002,0
8,tc0176§0035,3
9,tc0167§0018,1
10,tc0176§0010,1
11,tc0174§0026,3
12,tc0180§0016,1
13,tc0189§0017,1
14,tc0191§0027,2
15,tc0174§0004,0
16,tc0154§0001,0
17,tc0164§0019,2
18,tc0153§0018,2
19,tc0148§0012,1
20,tc0148§0023,2
21,tc0180§0039,4
22,tc0139§0004,0
23,tc0178§0007,0
24,tc0158§0029,3
25,tc0130§0006,0
26,tc0143§0032,3
27,tc0178§0027,3
28,tc0147§0039,4
29,tc0178§0009,0
30,tc0164§0020,2
31,tc0146§0006,0
32,tc0179§0023,2
33,tc0153§0033,3
34,tc0143§0028,3
35,tc0162§0012,1
36,tc0139§0020,2
37,tc0150§0039,4
38,tc0143§0010,1
39,tc0132§0028,3
40,tc0187§0036,3
41,tc0131§0024,3
42,tc0178§0010,1
43,tc0162§0021,2
44,tc0130§0033,3
45,tc0136§0019,2
46,tc0136§0021,2
47,tc0155§0029,3
48,tc0160§0042,4
49,tc0134§0010,1
50,tc0162§0040,4
51,tc0158§0032,3
52,tc0130§0002,0
53,tc0143§0009,1
54,tc0168§0005,0
55,tc0131§0022,2
56,tc0168§0031,3
57,tc0150§0015,1
58,tc0155§0013,1
59,tc0150§0040,4
60,tc0146§0033,3
61,tc0162§0007,0
62,tc0146§0009,0
63,tc0160§0006,0
64,tc0136§0004,0
65,tc0160§0001,0
66,tc0179§0009,0
67,tc0167§0007,0
68,tc0153§0023,2
69,tc0147§0006,0
70,tc0132§0004,0
71,tc0164§0011,1
72,tc0148§0029,3
73,tc0152§0041,4
74,tc0179§0022,2
75,tc0160§0032,3
76,tc0164§0012,1
77,tc0136§0009,1
78,tc0130§0039,4
79,tc0189§0025,2
80,tc0134§0029,3
81,tc0150§0036,4
82,tc0130§0021,2
83,tc0187§0030,3
84,tc0143§0022,2
85,tc0143§0025,2
86,tc0189§0038,4
87,tc0136§0031,3
88,tc0160§0050,4
89,tc0146§0004,0
90,tc0136§0040,4
91,tc0178§0024,2
92,tc0176§0020,2
93,tc0150§0038,4
94,tc0131§0035,4
95,tc0130§0041,4
96,tc0152§0029,3
97,tc0167§0043,4
98,tc0174§0006,0
99,tc0158§0028,3
100,tc0180§0010,1
101,tc0158§0005,0
102,tc0188§0005,0
103,tc0179§0036,4
104,tc0155§0025,2
105,tc0167§0002,0
106,tc0154§0023,2
107,tc0188§0013,1
108,tc0158§0027,3
109,tc0136§0030,3
110,tc0164§0018,1
111,tc0160§0037,3
112,tc0147§0011,1
113,tc0155§0028,3
114,tc0130§0042,4
115,tc0178§0039,4
116,tc0139§0032,3
117,tc0191§0021,2
118,tc0147§0038,4
119,tc0134§0027,3
120,tc0150§0031,3
121,tc0150§0012,1
122,tc0134§0026,3
123,tc0189§0023,2
124,tc0188§0041,4
125,tc0158§0003,0
126,tc0180§0035,3
127,tc0191§0004,0
128,tc0191§0023,2
129,tc0158§0038,4
130,tc0148§0011,1
131,tc0191§0010,1
132,tc0150§0026,3
133,tc0152§0024,2
134,tc0167§0017,1
135,tc0178§0012,1
136,tc0191§0034,3
137,tc0178§0035,3
138,tc0155§0009,0
139,tc0148§0035,4
140,tc0134§0032,3
141,tc0188§0036,3
142,tc0178§0025,2
143,tc0188§0043,4
144,tc0179§0010,1
145,tc0134§0006,0
146,tc0153§0006,0
147,tc0191§0041,4
148,tc0146§0039,4
149,tc0160§0035,3
150,tc0155§0042,4
151,tc0152§0034,3
152,tc0179§0031,3
153,tc0143§0036,4
154,tc0139§0030,3
155,tc0180§0004,0
156,tc0191§0012,1
157,tc0139§0038,4
158,tc0132§0039,4
159,tc0147§0014,1
160,tc0180§0044,4
161,tc0174§0019,2
162,tc0130§0003,0
163,tc0152§0003,0
164,tc0189§0030,3
165,tc0178§0021,2
166,tc0155§0027,3
167,tc0187§0027,2
168,tc0150§0009,1
169,tc0180§0026,2
170,tc0180§0012,1
171,tc0187§0022,2
172,tc0158§0033,3
173,tc0147§0015,1
174,tc0148§0038,4
175,tc0178§0006,0
176,tc0143§0008,0
177,tc0162§0039,4
178,tc0178§0020,2
179,tc0155§0010,1
180,tc0191§0014,1
181,tc0146§0013,1
182,tc0158§0022,2
183,tc0147§0023,2
184,tc0176§0005,0
185,tc0168§0007,0
186,tc0164§0010,1
187,tc0155§0041,4
188,tc0147§0012,1
189,tc0164§0013,1
190,tc0148§0022,2
191,tc0189§0014,1
192,tc0143§0016,1
193,tc0187§0013,1
194,tc0153§0010,1
195,tc0131§0030,3
196,tc0164§0006,0
197,tc0134§0003,0
198,tc0143§0007,0
199,tc0178§0002,0
200,tc0130§0012,1
201,tc0180§0033,3
202,tc0148§0028,3
203,tc0168§0019,2
204,tc0189§0032,3
205,tc0146§0036,3
206,tc0167§0003,0
207,tc0164§0040,4
208,tc0152§0017,1
209,tc0174§0003,0
210,tc0160§0027,2
211,tc0146§0010,1
212,tc0187§0001,0
213,tc0178§0003,0
214,tc0188§0015,1
215,tc0188§0003,0
216,tc0187§0046,4
217,tc0131§0029,3
218,tc0178§0016,1
219,tc0164§0029,3
220,tc0174§0030,3
221,tc0189§0011,1
222,tc0189§0034,3
223,tc0189§0041,4
224,tc0146§0011,1
225,tc0150§0014,1
226,tc0147§0025,2
227,tc0155§0011,1
228,tc0168§0006,0
229,tc0168§0004,0
230,tc0160§0015,1
231,tc0158§0010,1
232,tc0143§0041,4
233,tc0189§0005,0
234,tc0168§0021,2
235,tc0160§0048,4
236,tc0176§0014,1
237,tc0188§0044,4
238,tc0148§0037,4
239,tc0134§0036,4
240,tc0179§0012,1
241,tc0155§0008,0
242,tc0176§0017,1
243,tc0155§0023,2
244,tc0180§0040,4
245,tc0164§0028,2
246,tc0174§0011,1
247,tc0155§0001,0
248,tc0187§0017,1
249,tc0174§0021,2
250,tc0180§0002,0
251,tc0146§0032,3
252,tc0158§0019,2
253,tc0167§0042,4
254,tc0162§0034,3
255,tc0160§0033,3
256,tc0148§0006,0
257,tc0176§0003,0
258,tc0191§0018,1
259,tc0153§0036,4
260,tc0188§0033,3
261,tc0180§0014,1
262,tc0152§0015,1
263,tc0160§0046,4
264,tc0162§0018,1
265,tc0167§0032,3
266,tc0150§0017,2
267,tc0168§0001,0
268,tc0167§0030,3
269,tc0143§0015,1
270,tc0146§0020,2
271,tc0187§0031,3
272,tc0164§0005,0
273,tc0155§0038,4
274,tc0160§0034,3
275,tc0131§0038,4
276,tc0187§0008,0
277,tc0134§0015,1
278,tc0191§0029,3
279,tc0167§0026,2
280,tc0150§0028,3
281,tc0130§0028,3
282,tc0176§0008,0
283,tc0158§0023,2
284,tc0191§0008,0
285,tc0143§0019,2
286,tc0155§0032,3
287,tc0132§0027,3
288,tc0158§0039,4
289,tc0154§0015,1
290,tc0162§0036,4
291,tc0130§0008,0
292,tc0143§0034,4
293,tc0132§0011,1
294,tc0153§0012,1
295,tc0130§0026,2
296,tc0152§0016,1
297,tc0160§0018,1
298,tc0167§0013,1
299,tc0131§0001,0
300,tc0147§0026,3
301,tc0154§0006,0
302,tc0155§0026,2
303,tc0134§0011,1
304,tc0130§0023,2
305,tc0162§0037,4
306,tc0174§0018,2
307,tc0188§0011,1
308,tc0143§0006,0
309,tc0162§0035,3
310,tc0188§0012,1
311,tc0148§0002,0
312,tc0187§0033,3
313,tc0132§0006,0
314,tc0154§0005,0
315,tc0131§0027,3
316,tc0146§0001,0
317,tc0191§0030,3
318,tc0174§0040,4
319,tc0187§0024,2
320,tc0188§0006,0
321,tc0153§0031,3
322,tc0139§0031,3
323,tc0187§0047,4
324,tc0147§0003,0
325,tc0147§0022,2
326,tc0168§0024,2
327,tc0132§0035,4
328,tc0147§0033,3
329,tc0146§0018,1
330,tc0191§0001,0
331,tc0174§0002,0
332,tc0180§0032,3
333,tc0188§0017,1
334,tc0188§0037,3
335,tc0189§0018,1
336,tc0191§0007,0
337,tc0164§0041,4
338,tc0131§0005,0
339,tc0162§0023,2
340,tc0178§0001,0
341,tc0191§0015,1
342,tc0158§0026,3
343,tc0155§0024,2
344,tc0146§0021,2
345,tc0139§0036,4
346,tc0174§0014,1
347,tc0160§0040,3
348,tc0146§0026,2
349,tc0134§0009,1
350,tc0174§0020,2
351,tc0136§0008,0
352,tc0136§0014,1
353,tc0136§0013,1
354,tc0130§0014,1
355,tc0148§0008,0
356,tc0134§0039,4
357,tc0131§0010,1
358,tc0188§0039,4
359,tc0153§0032,3
360,tc0155§0031,3
361,tc0130§0010,1
362,tc0154§0027,3
363,tc0139§0023,2
364,tc0132§0024,2
365,tc0158§0040,4
366,tc0162§0003,0
367,tc0130§0001,0
368,tc0160§0020,1
369,tc0176§0033,3
370,tc0167§0041,4
371,tc0155§0017,1
372,tc0146§0042,4
373,tc0179§0014,1
374,tc0154§0007,0
375,tc0148§0024,2
376,tc0164§0021,2
377,tc0176§0012,1
378,tc0136§0012,1
379,tc0179§0018,2
380,tc0188§0030,3
381,tc0155§0036,4
382,tc0174§0031,3
383,tc0189§0016,1
384,tc0134§0025,3
385,tc0136§0037,4
386,tc0164§0036,3
387,tc0180§0007,0
388,tc0176§0042,4
389,tc0154§0003,0
390,tc0188§0047,4
391,tc0130§0035,3
392,tc0178§0018,1
393,tc0154§0025,2
394,tc0179§0034,3
395,tc0139§0041,4
396,tc0162§0043,4
397,tc0152§0020,2
398,tc0154§0014,1
399,tc0191§0042,4
400,tc0180§0038,4
401,tc0132§0008,0
402,tc0148§0033,3
403,tc0139§0040,4
404,tc0188§0008,0
405,tc0154§0020,2
406,tc0191§0031,3
407,tc0147§0016,1
408,tc0187§0045,4
409,tc0179§0006,0
410,tc0191§0003,0
411,tc0174§0029,3
412,tc0179§0019,2
413,tc0176§0026,2
414,tc0154§0036,4
415,tc0180§0021,2
416,tc0153§0034,3
417,tc0179§0016,1
418,tc0132§0041,4
419,tc0130§0018,1
420,tc0176§0027,3
421,tc0160§0036,3
422,tc0147§0034,4
423,tc0188§0038,3
424,tc0153§0027,3
425,tc0188§0040,4
426,tc0153§0040,4
427,tc0180§0019,2
428,tc0143§0002,0
429,tc0176§0039,4
430,tc0139§0039,4
431,tc0164§0025,2
432,tc0146§0041,4
433,tc0174§0013,1
434,tc0155§0030,3
435,tc0174§0012,1
436,tc0131§0025,3
437,tc0191§0020,2
438,tc0188§0007,0
439,tc0178§0004,0
440,tc0188§0025,2
441,tc0134§0040,4
442,tc0131§0004,0
443,tc0139§0010,1
444,tc0139§0026,3
445,tc0155§0015,1
446,tc0146§0019,2
447,tc0167§0019,2
448,tc0136§0005,0
449,tc0160§0016,1
450,tc0168§0042,4
451,tc0162§0004,0
452,tc0174§0016,1
453,tc0154§0009,1
454,tc0154§0040,4
455,tc0187§0018,1
456,tc0134§0037,4
457,tc0162§0011,1
458,tc0130§0011,1
459,tc0162§0008,0
460,tc0174§0005,0
461,tc0168§0015,1
462,tc0148§0014,1
463,tc0160§0044,4
464,tc0179§0037,4
465,tc0179§0040,4
466,tc0180§0006,0
467,tc0162§0024,2
468,tc0176§0016,1
469,tc0153§0017,1
470,tc0179§0041,4
471,tc0132§0014,1
472,tc0152§0033,3
473,tc0187§0003,0
474,tc0146§0008,0
475,tc0131§0003,0
476,tc0168§0032,3
477,tc0189§0031,3
478,tc0148§0021,2
479,tc0153§0002,0
480,tc0178§0041,4
481,tc0147§0041,4
482,tc0160§0010,0
483,tc0174§0037,4
484,tc0167§0028,3
485,tc0188§0009,0
486,tc0153§0025,2
487,tc0191§0036,3
488,tc0153§0019,2
489,tc0155§0019,2
490,tc0136§0028,3
491,tc0131§0036,4
492,tc0164§0044,4
493,tc0136§0001,0
494,tc0147§0008,0
495,tc0130§0040,4
496,tc0155§0022,2
497,tc0153§0026,2
498,tc0174§0028,3
499,tc0131§0034,4
500,tc0164§0026,2
501,tc0139§0037,4
502,tc0187§0040,4
503,tc0136§0033,3
504,tc0162§0019,2
505,tc0179§0001,0
506,tc0130§0031,3
507,tc0164§0030,3
508,tc0136§0022,2
509,tc0155§0033,3
510,tc0131§0009,1
511,tc0147§0030,3
512,tc0167§0021,2
513,tc0134§0030,3
514,tc0191§0043,4
515,tc0174§0034,4
516,tc0153§0022,2
517,tc0180§0015,1
518,tc0134§0016,1
519,tc0152§0010,1
520,tc0168§0002,0
521,tc0176§0015,1
522,tc0187§0019,1
523,tc0153§0001,0
524,tc0154§0010,1
525,tc0191§0019,2
526,tc0146§0031,3
527,tc0147§0001,0
528,tc0153§0016,1
529,tc0146§0014,1
530,tc0168§0033,3
531,tc0179§0029,3
532,tc0130§0043,4
533,tc0143§0024,2
534,tc0168§0027,3
535,tc0178§0033,3
536,tc0168§0036,4
537,tc0155§0004,0
538,tc0136§0024,2
539,tc0130§0004,0
540,tc0174§0010,1
541,tc0167§0012,1
542,tc0180§0042,4
543,tc0147§0019,2
544,tc0134§0033,4
545,tc0187§0037,3
546,tc0152§0025,2
547,tc0188§0022,2
548,tc0130§0022,2
549,tc0155§0037,4
550,tc0178§0017,1
551,tc0150§0010,1
552,tc0150§0025,2
553,tc0150§0041,4
554,tc0153§0015,1
555,tc0179§0017,1
556,tc0167§0015,1
557,tc0178§0032,3
558,tc0154§0004,0
559,tc0150§0023,2
560,tc0162§0038,4
561,tc0130§0045,4
562,tc0131§0006,0
563,tc0191§0026,2
564,tc0168§0009,0
565,tc0188§0021,2
566,tc0154§0032,3
567,tc0178§0011,1
568,tc0187§0015,1
569,tc0178§0019,2
570,tc0132§0012,1
571,tc0152§0002,0
572,tc0178§0040,4
573,tc0154§0030,3
574,tc0155§0040,4
575,tc0162§0022,2
576,tc0187§0010,0
577,tc0164§0034,3
578,tc0179§0026,2
579,tc0150§0033,3
580,tc0130§0013,1
581,tc0160§0017,1
582,tc0154§0011,1
583,tc0167§0037,4
584,tc0154§0017,2
585,tc0154§0018,2
586,tc0152§0013,1
587,tc0130§0027,2
588,tc0180§0018,1
589,tc0136§0041,4
590,tc0158§0030,3
591,tc0167§0022,2
592,tc0162§0001,0
593,tc0146§0022,2
594,tc0176§0002,0
595,tc0155§0016,1
596,tc0132§0038,4
597,tc0189§0007,0
598,tc0158§0007,0
599,tc0164§0022,2
600,tc0152§0012,1
601,tc0131§0002,0
602,tc0153§0041,4
603,tc0158§0017,1
604,tc0139§0011,1
605,tc0188§0045,4
606,tc0147§0010,1
607,tc0153§0021,2
608,tc0155§0020,2
609,tc0179§0004,0
610,tc0143§0017,2
611,tc0180§0023,2
612,tc0132§0010,1
613,tc0134§0021,2
614,tc0132§0003,0
615,tc0139§0022,2
616,tc0189§0046,4
617,tc0176§0004,0
618,tc0189§0020,2
619,tc0150§0035,4
620,tc0132§0022,2
621,tc0160§0002,0
622,tc0160§0011,1
623,tc0131§0011,1
624,tc0174§0039,4
625,tc0180§0005,0
626,tc0130§0029,3
627,tc0174§0015,1
628,tc0146§0037,4
629,tc0150§0018,2
630,tc0131§0037,4
631,tc0148§0026,3
632,tc0158§0001,0
633,tc0167§0016,1
634,tc0164§0017,1
635,tc0154§0031,3
636,tc0146§0005,0
637,tc0155§0006,0
638,tc0180§0001,0
639,tc0162§0042,4
640,tc0147§0040,4
641,tc0160§0014,1
642,tc0164§0024,2
643,tc0148§0036,4
644,tc0164§0001,0
645,tc0160§0039,3
646,tc0153§0009,0
647,tc0178§0029,3
648,tc0132§0040,4
649,tc0132§0029,3
650,tc0191§0009,0
651,tc0160§0028,2
652,tc0167§0005,0
653,tc0134§0004,0
654,tc0168§0039,4
655,tc0178§0023,2
656,tc0152§0038,4
657,tc0152§0032,3
658,tc0179§0032,3
659,tc0189§0028,2
660,tc0131§0013,1
661,tc0132§0032,3
662,tc0136§0023,2
663,tc0147§0035,4
664,tc0164§0009,0
665,tc0143§0029,3
666,tc0131§0031,4
667,tc0132§0019,2
668,tc0174§0017,2
669,tc0189§0039,4
670,tc0146§0044,4
671,tc0143§0001,0
672,tc0168§0041,4
673,tc0178§0022,2
674,tc0168§0028,3
675,tc0180§0043,4
676,tc0143§0031,3
677,tc0152§0007,0
678,tc0174§0032,3
679,tc0152§0021,2
680,tc0152§0004,0
681,tc0152§0039,4
682,tc0134§0014,1
683,tc0158§0035,4
684,tc0167§0027,2
685,tc0147§0002,0
686,tc0148§0009,0
687,tc0178§0044,4
688,tc0155§0035,3
689,tc0158§0004,0
690,tc0153§0011,1
691,tc0158§0013,1
692,tc0134§0018,2
693,tc0130§0016,1
694,tc0158§0014,1
695,tc0178§0014,1
696,tc0180§0017,1
697,tc0174§0022,2
698,tc0178§0034,3
699,tc0162§0027,3
700,tc0179§0011,1
701,tc0188§0023,2
702,tc0148§0004,0
703,tc0153§0014,1
704,tc0148§0031,3
705,tc0187§0014,1
706,tc0178§0038,4
707,tc0160§0030,2
708,tc0148§0010,1
709,tc0146§0023,2
710,tc0176§0036,4
711,tc0134§0022,2
712,tc0162§0020,2
713,tc0153§0030,3
714,tc0136§0011,1
715,tc0154§0019,2
716,tc0164§0016,1
717,tc0139§0018,2
718,tc0132§0026,3
719,tc0147§0018,2
720,tc0152§0019,2
721,tc0168§0008,0
722,tc0139§0028,3
723,tc0147§0037,4
724,tc0162§0006,0
725,tc0188§0001,0
726,tc0160§0041,4
727,tc0139§0029,3
728,tc0147§0013,1
729,tc0162§0032,3
730,tc0147§0027,3
731,tc0187§0048,4
732,tc0191§0037,4
733,tc0180§0022,2
734,tc0191§0002,0
735,tc0132§0030,3
736,tc0132§0007,0
737,tc0154§0039,4
738,tc0176§0018,2
739,tc0148§0041,4
740,tc0146§0017,1
741,tc0136§0039,4
742,tc0188§0035,3
743,tc0155§0003,0
744,tc0168§0013,1
745,tc0146§0002,0
746,tc0152§0027,3
747,tc0132§0005,0
748,tc0150§0029,3
749,tc0131§0012,1
750,tc0155§0002,0
751,tc0147§0032,3
752,tc0164§0039,4
753,tc0158§0037,4
754,tc0189§0009,0
755,tc0139§0006,0
756,tc0191§0024,2
757,tc0150§0030,3
758,tc0180§0011,1
759,tc0160§0019,1
760,tc0188§0016,1
761,tc0139§0016,1
762,tc0155§0014,1
763,tc0179§0027,3
764,tc0147§0017,2
765,tc0134§0019,2
766,tc0148§0017,1
767,tc0150§0013,1
768,tc0191§0033,3
769,tc0139§0035,4
770,tc0152§0026,3
771,tc0158§0008,0
772,tc0134§0035,4
773,tc0162§0017,1
774,tc0189§0001,0
775,tc0189§0042,4
776,tc0148§0034,3
777,tc0191§0011,1
778,tc0188§0019,1
779,tc0139§0013,1
780,tc0187§0005,0
781,tc0187§0007,0
782,tc0187§0016,1
783,tc0146§0040,4
784,tc0150§0020,2
785,tc0164§0033,3
786,tc0136§0007,0
787,tc0158§0002,0
788,tc0160§0024,2
789,tc0188§0010,0
790,tc0146§0028,3
791,tc0189§0036,3
792,tc0168§0011,1
793,tc0167§0029,3
794,tc0134§0023,2
795,tc0136§0016,1
796,tc0134§0001,0
797,tc0130§0032,3
798,tc0158§0042,4
799,tc0150§0007,0
800,tc0134§0024,2
801,tc0179§0030,3
802,tc0188§0034,3
803,tc0152§0005,0
804,tc0131§0019,2
805,tc0147§0024,2
806,tc0189§0035,3
807,tc0158§0025,2
808,tc0154§0022,2
809,tc0131§0017,2
810,tc0147§0007,0
811,tc0143§0012,1
812,tc0148§0005,0
813,tc0143§0039,4
814,tc0150§0004,0
815,tc0139§0019,2
816,tc0164§0043,4
817,tc0150§0003,0
818,tc0187§0026,2
819,tc0136§0027,3
820,tc0191§0017,1
821,tc0176§0021,2
822,tc0187§0038,3
823,tc0176§0040,4
824,tc0189§0008,0
825,tc0146§0025,2
826,tc0146§0030,3
827,tc0146§0015,1
828,tc0153§0043,4
829,tc0130§0034,3
830,tc0154§0035,4
831,tc0164§0007,0
832,tc0152§0006,0
833,tc0139§0008,0
834,tc0155§0012,1
835,tc0154§0033,3
836,tc0132§0001,0
837,tc0180§0008,0
838,tc0176§0022,2
839,tc0187§0021,2
840,tc0152§0030,3
841,tc0148§0013,1
842,tc0187§0029,2
843,tc0136§0017,2
844,tc0136§0036,4
845,tc0160§0047,4
846,tc0164§0037,3
847,tc0155§0034,3
848,tc0132§0020,2
849,tc0134§0017,2
850,tc0174§0025,2
851,tc0160§0045,4
852,tc0188§0028,2
853,tc0153§0024,2
854,tc0136§0032,3
855,tc0164§0003,0
856,tc0152§0036,4
857,tc0146§0027,2
858,tc0146§0035,3
859,tc0174§0036,4
860,tc0189§0006,0
861,tc0162§0033,3
862,tc0152§0023,2
863,tc0176§0007,0
864,tc0160§0022,2
865,tc0164§0008,0
866,tc0150§0032,3
867,tc0187§0011,1
868,tc0146§0003,0
869,tc0158§0034,3
870,tc0180§0037,4
871,tc0136§0018,2
872,tc0180§0025,2
873,tc0187§0023,2
874,tc0179§0028,3
875,tc0164§0031,3
876,tc0187§0006,0
877,tc0153§0007,0
878,tc0180§0030,3
879,tc0131§0032,4
880,tc0160§0003,0
881,tc0179§0020,2
882,tc0189§0003,0
883,tc0134§0013,1
884,tc0187§0043,4
885,tc0136§0020,2
886,tc0174§0041,4
887,tc0150§0027,3
888,tc0180§0034,3
889,tc0178§0043,4
890,tc0132§0031,3
891,tc0150§0011,1
892,tc0188§0027,2
893,tc0148§0003,0
894,tc0178§0015,1
895,tc0178§0030,3
896,tc0191§0038,4
897,tc0158§0041,4
898,tc0134§0031,3
899,tc0187§0032,3
900,tc0132§0025,2
901,tc0158§0012,1
902,tc0143§0030,3
903,tc0168§0029,3
904,tc0130§0005,0
905,tc0158§0015,1
906,tc0130§0024,2
907,tc0176§0025,2
908,tc0160§0021,2
909,tc0148§0042,4
910,tc0178§0013,1
911,tc0158§0016,1
912,tc0143§0023,2
913,tc0179§0039,4
914,tc0136§0038,4
915,tc0131§0033,4
916,tc0132§0015,1
917,tc0139§0034,4
918,tc0162§0029,3
919,tc0187§0044,4
920,tc0167§0031,3
921,tc0152§0001,0
922,tc0154§0008,0
923,tc0176§0030,3
924,tc0176§0006,0
925,tc0153§0037,4
926,tc0131§0020,2
927,tc0143§0035,4
928,tc0191§0025,2
929,tc0191§0035,3
930,tc0160§0009,0
931,tc0176§0031,3
932,tc0131§0021,2
933,tc0180§0024,2
934,tc0167§0044,4
935,tc0134§0034,4
936,tc0162§0026,2
937,tc0191§0005,0
938,tc0134§0028,3
939,tc0189§0044,4
940,tc0160§0038,3
941,tc0160§0049,4
942,tc0136§0025,2
943,tc0136§0029,3
944,tc0176§0038,4
945,tc0176§0028,3
946,tc0130§0007,0
947,tc0167§0039,4
948,tc0189§0027,2
949,tc0176§0001,0
950,tc0180§0031,3
951,tc0180§0041,4
952,tc0167§0004,0
953,tc0158§0006,0
954,tc0162§0030,3
955,tc0180§0028,3
956,tc0168§0010,1
957,tc0174§0024,2
958,tc0153§0003,0
959,tc0154§0028,3
960,tc0162§0014,1
961,tc0154§0002,0
962,tc0154§0026,3
963,tc0155§0005,0
964,tc0131§0015,1
965,tc0134§0005,0
966,tc0136§0035,4
967,tc0179§0015,1
968,tc0154§0021,2
969,tc0189§0033,3
970,tc0148§0025,2
971,tc0158§0031,3
972,tc0167§0010,1
973,tc0179§0042,4
974,tc0191§0044,4
975,tc0150§0005,0
976,tc0174§0009,1
977,tc0187§0039,3
978,tc0146§0012,1
979,tc0147§0021,2
980,tc0130§0009,0
981,tc0167§0011,1
982,tc0164§0035,3
983,tc0139§0015,1
984,tc0132§0023,2
985,tc0180§0045,4
986,tc0148§0030,3
987,tc0167§0009,0
988,tc0168§0020,2
989,tc0139§0021,2
990,tc0174§0001,0
991,tc0187§0035,3
992,tc0179§0013,1
993,tc0176§0032,3
994,tc0189§0013,1
995,tc0162§0044,4
996,tc0139§0024,2
997,tc0153§0004,0
998,tc0152§0037,4
999,tc0150§0037,4
1000,tc0189§0019,2
1001,tc0130§0020,2
1002,tc0160§0008,0
1003,tc0188§0026,2
1004,tc0154§0029,3
1005,tc0158§0011,1
1006,tc0136§0026,3
1007,tc0176§0024,2
1008,tc0154§0012,1
1009,tc0160§0025,2
1010,tc0180§0009,0
1011,tc0146§0038,4
1012,tc0146§0016,1
1013,tc0148§0001,0
1014,tc0191§0022,2
1015,tc0160§0023,2
1016,tc0160§0012,1
1017,tc0153§0020,2
1018,tc0178§0008,0
1019,tc0168§0022,2
1020,tc0131§0026,3
1021,tc0139§0014,1
1022,tc0139§0017,2
1023,tc0153§0028,3
1024,tc0143§0018,2
1025,tc0179§0043,4
1026,tc0158§0009,0
1027,tc0132§0037,4
1028,tc0164§0004,0
1029,tc0167§0024,2
1030,tc0167§0001,0
1031,tc0188§0032,3
1032,tc0188§0024,2
1033,tc0155§0007,0
1034,tc0143§0026,3
1035,tc0139§0001,0
1036,tc0162§0025,2
1037,tc0150§0022,2
1038,tc0178§0005,0
1039,tc0152§0040,4
1040,tc0188§0018,1
1041,tc0147§0004,0
1042,tc0167§0035,3
1043,tc0164§0032,3
1044,tc0189§0015,1
1045,tc0178§0037,4
1046,tc0150§0006,0
1047,tc0167§0038,4
1048,tc0188§0002,0
1049,tc0131§0008,0
1050,tc0168§0035,4
1051,tc0158§0021,2
1052,tc0155§0021,2
1053,tc0168§0003,0
1054,tc0162§0002,0
1055,tc0179§0021,2
1056,tc0179§0005,0
1057,tc0176§0043,4
1058,tc0158§0036,4
1059,tc0134§0008,0
1060,tc0189§0024,2
1061,tc0168§0018,2
1062,tc0176§0037,4
1063,tc0131§0007,0
1064,tc0139§0033,3
1065,tc0180§0003,0
1066,tc0162§0028,3
1067,tc0139§0012,1
1068,tc0130§0030,3
1069,tc0187§0028,2
1070,tc0131§0014,1
1071,tc0191§0039,4
1072,tc0162§0031,3
1073,tc0176§0013,1
1074,tc0189§0021,2
1075,tc0155§0039,4
1076,tc0154§0038,4
1077,tc0153§0013,1
1078,tc0132§0017,2
1079,tc0152§0028,3
1080,tc0148§0039,4
1081,tc0147§0031,3
1082,tc0167§0034,3
1083,tc0150§0002,0
1084,tc0132§0036,4
1085,tc0189§0010,1
1086,tc0179§0033,3
1087,tc0146§0043,4
1088,tc0148§0027,3
1089,tc0136§0003,0
1090,tc0162§0010,1
1091,tc0152§0035,4
1092,tc0167§0020,2
1093,tc0153§0039,4
1094,tc0143§0033,3
1095,tc0148§0032,3
1096,tc0143§0020,2
1097,tc0153§0005,0
1098,tc0162§0041,4
1099,tc0187§0034,3
1100,tc0167§0040,4
1101,tc0143§0021,2
1102,tc0155§0043,4
1103,tc0174§0023,2
1104,tc0152§0031,3
1105,tc0154§0041,4
1106,tc0160§0031,3
1107,tc0139§0002,0
1108,tc0164§0002,0
1109,tc0187§0020,2
1110,tc0179§0007,0
1111,tc0152§0018,2
1112,tc0179§0002,0
1113,tc0167§0023,2
1114,tc0132§0009,1
1115,tc0150§0019,2
1116,tc0168§0017,1
1117,tc0189§0004,0
1118,tc0153§0035,3
1119,tc0164§0023,2
1120,tc0191§0032,3
1121,tc0139§0003,0
1122,tc0180§0027,2
1123,tc0189§0043,4
1124,tc0180§0036,3
1125,tc0178§0036,4
1126,tc0188§0042,4
1127,tc0132§0033,3
1128,tc0164§0015,1
1129,tc0167§0045,4
1130,tc0189§0037,3
1131,tc0174§0008,0
1132,tc0189§0026,2
1133,tc0150§0034,4
1134,tc0139§0005,0
1135,tc0174§0027,3
1136,tc0189§0040,4
1137,tc0168§0030,3
1138,tc0147§0028,3
1139,tc0132§0034,4
1140,tc0167§0033,3
1141,tc0187§0042,4
1142,tc0136§0010,1
1143,tc0158§0024,2
1144,tc0189§0045,4
1145,tc0189§0029,3
1146,tc0168§0014,1
1147,tc0148§0020,2
1148,tc0154§0024,2
1149,tc0187§0002,0
1150,tc0189§0002,0
1151,tc0152§0014,1
1152,tc0132§0018,2
1153,tc0143§0040,4
1154,tc0179§0025,2
1155,tc0132§0002,0
1156,tc0168§0025,2
1157,tc0178§0026,2
1158,tc0130§0037,4
1159,tc0153§0008,0
1160,tc0143§0011,1
1161,tc0153§0038,4
1162,tc0168§0016,1
1163,tc0143§0004,0
1164,tc0134§0038,4
1165,tc0176§0034,3
1166,tc0187§0004,0
1167,tc0189§0022,2
1168,tc0167§0025,2
1169,tc0160§0029,2
1170,tc0136§0034,4
1171,tc0164§0038,4
1172,tc0146§0007,0
1173,tc0188§0046,4
1174,tc0147§0036,4
1175,tc0143§0005,0
1176,tc0162§0013,1
1177,tc0168§0026,3
1178,tc0187§0012,1
1179,tc0162§0009,0
1180,tc0176§0011,1
1181,tc0132§0013,1
1182,tc0180§0029,3
1183,tc0143§0027,3
1184,tc0136§0015,1
1185,tc0178§0028,3
1186,tc0164§0045,4
1187,tc0143§0038,4
1188,tc0147§0020,2
1189,tc0164§0042,4
1190,tc0139§0025,2
1191,tc0134§0012,1
1192,tc0188§0004,0
1193,tc0188§0031,3
1194,tc0130§0044,4
1195,tc0131§0016,2
1196,tc0158§0020,2
1197,tc0130§0019,2
1198,tc0164§0014,1
1199,tc0136§0006,0
1200,tc0168§0037,4
1201,tc0147§0029,3
1202,tc0191§0040,4
1203,tc0191§0013,1
1204,tc0179§0024,2
1205,tc0189§0012,1
1206,tc0160§0043,4
1207,tc0187§0041,4
1208,tc0187§0009,0
1209,tc0160§0004,0
1210,tc0130§0038,4
1211,tc0176§0019,2
1212,tc0148§0016,1
1213,tc0167§0036,3
1214,tc0153§0042,4
1215,tc0131§0028,3
1216,tc0154§0016,1
1217,tc0187§0025,2
1218,tc0148§0019,2
1219,tc0167§0008,0
1220,tc0150§0008,0
1221,tc0143§0013,1
1222,tc0167§0006,0
1223,tc0188§0014,1
1224,tc0188§0029,3
1225,tc0191§0045,4
1226,tc0180§0020,2
1227,tc0168§0023,2
1228,tc0178§0031,3
1229,tc0164§0027,2
1230,tc0160§0013,1
1231,tc0162§0016,1
1232,tc0168§0012,1
1233,tc0147§0009,1
1234,tc0180§0013,1
1235,tc0132§0016,1
1236,tc0146§0024,2
1237,tc0178§0042,4
1238,tc0152§0009,0
1239,tc0174§0033,3
1240,tc0179§0003,0
1241,tc0158§0018,2
1242,tc0134§0007,0
1243,tc0153§0029,3
1244,tc0150§0024,2
1245,tc0130§0015,1
1246,tc0131§0023,2
1247,tc0130§0025,2
1248,tc0174§0035,4
1249,tc0176§0029,3
1250,tc0150§0021,2
1251,tc0130§0036,3
1252,tc0134§0020,2
1253,tc0174§0007,0
1254,tc0191§0006,0
1255,tc0154§0034,4
1256,tc0143§0037,4
1257,tc0143§0014,1
1258,tc0152§0042,4
1259,tc0162§0005,0
1260,tc0191§0028,3
1261,tc0148§0015,1
1262,tc0179§0035,3
1263,tc0152§0008,0
1264,tc0160§0026,2
1265,tc0155§0018,2
1266,tc0162§0015,1
1267,tc0160§0005,0
1268,tc0174§0038,4
1269,tc0148§0018,2
1270,tc0146§0045,4
1271,tc0150§0016,1
1272,tc0146§0029,3
1273,tc0139§0009,1
1274,tc0168§0040,4
1275,tc0160§0007,0
1276,tc0176§0041,4
1277,tc0139§0007,0
1278,tc0168§0038,4
1279,tc0179§0008,0
1280,tc0150§0001,0
1281,tc0154§0013,1
1282,tc0168§0034,3
1283,tc0130§0017,1
1284,tc0148§0007,0
1285,tc0147§0005,0
1286,tc0143§0003,0
1287,tc0146§0034,3
1288,tc0131§0018,2
1289,tc0154§0037,4
1290,tc0152§0011,1
1291,tc0179§0038,4
1292,tc0164§0046,4
1293,tc0191§0016,1
1294,tc0176§0009,0
1295,tc0188§0020,2
